"Designator","Search","LCSC","MPN","Package","Lib","Stock","AssemblyFlag","Type","Desc"
"D1","5V TVS SOD-323","C9900152579","TVS","SOD-323","expand","0","False","New Arrivals","SOD-323 New Arrivals ROHS"
"D1","5V TVS SOD-323","C9900158638","TVS","SOD-323","expand","0","False","New Arrivals","SOD-323 New Arrivals ROHS"
"D1","5V TVS SOD-323","C9900158633","TVS","SOD-323","expand","0","False","New Arrivals","SOD-323 New Arrivals ROHS"
"D1","5V TVS SOD-323","C9900033334","TVS","SOD-323","expand","0","False","New Arrivals","SOD-323 New Arrivals ROHS"
"D1","CDSOD323-T05C","C711706","CDSOD323-T05C","SOD-323","expand","12373","False","ESD and Surge Protection (TVS/ESD)","-55???~+150??? 1 17A@8/20us 18.3V 2uA 350W@8/20us 3pF 5V 6V Bidirectional ESD IEC 61000-4-2???IEC 61000-4-5???IEC 61000-4-4 SOD-323 ESD and Surge Protection (TVS/ESD) ROHS"
"D1","CDSOD323-T05C","C3018474","UDD32C05L01","SOD-323","expand","12344","False","ESD and Surge Protection (TVS/ESD)","-55???~+125??? 0.6pF 18A 1uA 2 20V 360W 5V 8V Bidirectional ESD IEC 61000-4-2???IEC 61000-4-5 SOD-323 ESD and Surge Protection (TVS/ESD) ROHS"
"D1","CDSOD323-T05C","C5380656","CDSOD323-T05C","SOD-323","expand","414","False","ESD and Surge Protection (TVS/ESD)","-55???~+125??? 1pF 200nA 20V 350W@8/20us 5V 8V IEC 61000-4-4 SOD-323 ESD and Surge Protection (TVS/ESD) ROHS"
"D1","CDSOD323-T05C","C5180025","CDSOD323-T05C","SOD-323","expand","321","False","ESD and Surge Protection (TVS/ESD)","0.6pF 1 200nA 20V 350W@8/20us 5V 6V IEC 61000-4-2???IEC 61000-4-5???IEC 61000-4-4 SOD-323 ESD and Surge Protection (TVS/ESD) ROHS"
"D1","PESD5V0S1BA","C2827694","PESD5V0S1BA","SOD-323","expand","440338","False","ESD and Surge Protection (TVS/ESD)","-55???~+125??? 1 100nA 20A 300W 5V 7V 9V Bidirectional ESD IEC 61000-4-2 SOD-323 ESD and Surge Protection (TVS/ESD) ROHS"
"D1","PESD5V0S1BA","C314260","PESD5V0S1BA-N","SOD-323","expand","56257","False","ESD and Surge Protection (TVS/ESD)","17A 1uA 21V 350W@8/20us 5V 60pF 6V Bidirectional ESD IEC 61000-4-2???IEC 61000-4-5???IEC 61000-4-4 SOD-323 ESD and Surge Protection (TVS/ESD) ROHS"
"D1","PESD5V0S1BA","C587144","TPPESD5V0S1BA","SOD-323","expand","63","False","ESD and Surge Protection (TVS/ESD)","-55???~+125??? 10A@8/20us 11V???20V 150W@8/20us 21pF 500nA 5V 6V ESD IEC 61000-4-2???IEC 61000-4-4 SOD-323 ESD and Surge Protection (TVS/ESD) ROHS"
"D1","PESD5V0S1BA","C19224","PESD5V0S1BA,115","SOD-323","expand","21","False","ESD and Surge Protection (TVS/ESD)","-55???~+150??? 1 12A@8/20us 130W@8/20us 14V 35pF 5V 5nA 9.5V Bidirectional ESD IEC 61000-4-2???IEC 61000-4-5 SOD-323 ESD and Surge Protection (TVS/ESD) ROHS"
"D1","SOD-323 ESD 5V","C20884","RLSD32A051LC","SOD-323","expand","26254","False","ESD and Surge Protection (TVS/ESD)","1 1pF 1uA 20A@8/20us 300W@8/20us 5V 6V 9.8V Bidirectional ESD IEC 61000-4-2 SOD-323 ESD and Surge Protection (TVS/ESD) ROHS"
"D1","SOD-323 ESD 5V","C2982320","JED323-5V-C","SOD-323","expand","3000","False","ESD and Surge Protection (TVS/ESD)","-55???~+125??? 1 10V 200nA 5V 6V 80W 80pF 8A Bidirectional ESD IEC 61000-4-2 SOD-323 ESD and Surge Protection (TVS/ESD) ROHS"
"D1","SOD-323 ESD 5V","C2982321","JED323-5V-LC","SOD-323","expand","926","False","ESD and Surge Protection (TVS/ESD)","-55???~+125??? 1 18A 1pF 200nA 20V 360W 5V 6V Bidirectional ESD IEC 61000-4-2???IEC 61000-4-5 SOD-323 ESD and Surge Protection (TVS/ESD) ROHS"
"D1","SOD-323 ESD 5V","C19224","PESD5V0S1BA,115","SOD-323","expand","21","False","ESD and Surge Protection (TVS/ESD)","-55???~+150??? 1 12A@8/20us 130W@8/20us 14V 35pF 5V 5nA 9.5V Bidirectional ESD IEC 61000-4-2???IEC 61000-4-5 SOD-323 ESD and Surge Protection (TVS/ESD) ROHS"
"D4-D7","4 channel ESD SOT-23-6","C13612","SRV05-4.TCT","SOT-23-6L","expand","98741","False","ESD and Surge Protection (TVS/ESD)","-55???~+125??? 12A@8/20us 17.5V 300W@8/20us 3pF 5V 5uA 6V Four channels IEC 61000-4-2???IEC 61000-4-5???IEC 61000-4-4 TVS Unidirectional SOT-23-6L ESD and Surge Protection (TVS/ESD) ROHS"
"D4-D7","4 channel ESD SOT-23-6","C85364","SRV05-4-P-T7","SOT-23-6","expand","20941","False","ESD and Surge Protection (TVS/ESD)","12V 1A@8/20us 3.5pF 500W@8/20us 5V 5uA 6V ESD Four channels IEC 61000-4-2???IEC 61000-4-5???IEC 61000-4-4 SOT-23-6 ESD and Surge Protection (TVS/ESD) ROHS"
"D4-D7","4 channel ESD SOT-23-6","C384887","SRV05-4","SOT-26","expand","9761","False","ESD and Surge Protection (TVS/ESD)","0.5pF 12A 15V 1uA 350W@8/20us 5V 6V Four channels IEC 61000-4-2???IEC 61000-4-5???IEC 61000-4-4 TVS SOT-26 ESD and Surge Protection (TVS/ESD) ROHS"
"D4-D7","4 channel ESD SOT-23-6","C118757","CDSOT23-SRV05-4","SOT-23-6","expand","1538","False","ESD and Surge Protection (TVS/ESD)","-55???~+150??? 15V 3.5pF 30A@8/20us 500W@8/20us 5V 5uA 6V Four channels IEC 61000-4-2???IEC 61000-4-5???IEC 61000-4-4 TVS SOT-23-6 ESD and Surge Protection (TVS/ESD) ROHS"
"D4-D7","ESD array SOT-23-6 3.3V","C122563","PESD3V3S5UD,125","SC-74","expand","3116","False","ESD and Surge Protection (TVS/ESD)","-65???~+150???@(Ta) 12V 200W@8/20us 20A@8/20us 215pF 3.3V 5 5.6V 800nA Bidirectional ESD IEC 61000-4-2 SC-74 ESD and Surge Protection (TVS/ESD) ROHS"
"D4-D7","ESD array SOT-23-6 3.3V","C116155","ADP3330ARTZ3.3-RL7","SOT-23-6","expand","1528","False","Voltage Regulators - Linear, Low Drop Out (LDO) Regulators","-40???~+85???@(Ta) 1 12V 140mV@(200mA) 200mA 3.3V 34uA 47uVrms Fixed Over Current Protection???Over Temperature Protection???Enable Positive SOT-23-6 Voltage Regulators - Linear, Low Drop Out (LDO) Regulators ROHS"
"D4-D7","ESD array SOT-23-6 3.3V","C14123","MP2451DT-LF-Z","SOT-23-6","expand","291","False","DC-DC Converters","-40???~+125??? 1 130uA 2MHz 3.3V~36V 600mA 800mV~28.8V Adjustable Buck Buck Built-in No SOT-23-6 DC-DC Converters ROHS"
"D4-D7","ESD array SOT-23-6 3.3V","C74381","REF3233AIDBVT","SOT-23-6","expand","3","False","Voltage Reference","-40???~+125???@(Ta) 10mA 135uA 20ppm/??? 3.35V~5.5V 3.3V 43uVp-p 63uVrms Fixed Series ??0.2% SOT-23-6 Voltage Reference ROHS"
"D4-D7","TVS array SOT-23-6","C9900021122","TVS","SOD-523_L1.2-W0.8-LS1.6-BI","expand","0","False","SMT","SOD-523_L1.2-W0.8-LS1.6-BI SMT ROHS"
"D4-D7","TVS array SOT-23-6","C9900033332","TVS","SMB","expand","0","False","New Arrivals","SMB New Arrivals ROHS"
"D4-D7","TVS array SOT-23-6","C9900033334","TVS","SOD-323","expand","0","False","New Arrivals","SOD-323 New Arrivals ROHS"
"D4-D7","TVS array SOT-23-6","C9900029746","tvs","SMA","expand","0","False","New Arrivals","SMA New Arrivals ROHS"
"F1/F4","0466002.NRHF","C3105","0466002.NRHF","1206","expand","90212","False","Disposable fuses","-55???~+90??? 0.2326 1.6mm 2A 3.2mm 50A 63V 63V Surface Mount Fuse 1206 Disposable fuses ROHS"
"F1/F4","1206 fuse 2A","C3105","0466002.NRHF","1206","expand","90212","False","Disposable fuses","-55???~+90??? 0.2326 1.6mm 2A 3.2mm 50A 63V 63V Surface Mount Fuse 1206 Disposable fuses ROHS"
"F1/F4","1206 fuse 2A","C20988","SMD1206P200TF","1206","expand","4634","False","Resettable Fuses","-40???~+85??? 1.5s 1.9mm 15m?? 1mm 2A 3.5A 3.6mm 35A 6V 800mW 80m?? 1206 Resettable Fuses ROHS"
"F1/F4","1206 fuse 2A","C2838912","1206TD-2A","1206","expand","3440","False","Disposable fuses","-55???~+150??? 0.83mm 1.6mm 2A 3.2mm 50A@72VDC 72V Surface Mount Fuse 1206 Disposable fuses ROHS"
"F1/F4","1206 fuse 2A","C70085","nSMD200","1206","expand","2228","False","Resettable Fuses","-40???~+85??? 1.5s 100A 18m?? 2A 3.5A 6V 800mW 85m?? 1206 Resettable Fuses ROHS"
"F1/F4","1206 PTC 2A","C135342","ASMD1206-200","1206","expand","44290","False","Resettable Fuses","-40???~+85??? 1.5s 1.6mm 1.9mm 100A 15m?? 2A 3.5A 3.6mm 6V 800mW 80m?? 1206 Resettable Fuses ROHS"
"F1/F4","1206 PTC 2A","C20988","SMD1206P200TF","1206","expand","4634","False","Resettable Fuses","-40???~+85??? 1.5s 1.9mm 15m?? 1mm 2A 3.5A 3.6mm 35A 6V 800mW 80m?? 1206 Resettable Fuses ROHS"
"F1/F4","1206 PTC 2A","C70085","nSMD200","1206","expand","2228","False","Resettable Fuses","-40???~+85??? 1.5s 100A 18m?? 2A 3.5A 6V 800mW 85m?? 1206 Resettable Fuses ROHS"
"F1/F4","1206 PTC 2A","C70167","SL1206200","1206","expand","127","False","Resettable Fuses","-40???~+70??? 1.2W 1.2mm 1.85mm 28m?? 2A 3.5mm 4A 4m?? 50A 6V 8s 1206 Resettable Fuses ROHS"
"F1/F4","1206 resettable fuse 2A","C135342","ASMD1206-200","1206","expand","44290","False","Resettable Fuses","-40???~+85??? 1.5s 1.6mm 1.9mm 100A 15m?? 2A 3.5A 3.6mm 6V 800mW 80m?? 1206 Resettable Fuses ROHS"
"F1/F4","1206 resettable fuse 2A","C20988","SMD1206P200TF","1206","expand","4634","False","Resettable Fuses","-40???~+85??? 1.5s 1.9mm 15m?? 1mm 2A 3.5A 3.6mm 35A 6V 800mW 80m?? 1206 Resettable Fuses ROHS"
"F1/F4","1206 resettable fuse 2A","C70085","nSMD200","1206","expand","2228","False","Resettable Fuses","-40???~+85??? 1.5s 100A 18m?? 2A 3.5A 6V 800mW 85m?? 1206 Resettable Fuses ROHS"
"F1/F4","1206 resettable fuse 2A","C70167","SL1206200","1206","expand","127","False","Resettable Fuses","-40???~+70??? 1.2W 1.2mm 1.85mm 28m?? 2A 3.5mm 4A 4m?? 50A 6V 8s 1206 Resettable Fuses ROHS"
"F2/F3","1206 fuse 1A","C20799","SMD1206P050TF","1206","expand","13784","False","Resettable Fuses","-40???~+85??? 0.8mm 1.9mm 100ms 150m?? 1A 3.6mm 35A 400mA 600mW 6V 700m?? 1206 Resettable Fuses ROHS"
"F2/F3","1206 fuse 1A","C2838907","1206TD-1A","1206","expand","5930","False","Disposable fuses","-55???~+150??? 0.11 0.6mm 1.6mm 1A 3.2mm 50A@72VDC???150A@32VDC???300A@24VDC 72V Surface Mount Fuse 1206 Disposable fuses ROHS"
"F2/F3","1206 fuse 1A","C20800","SMD1206P100TF","1206","expand","793","False","Resettable Fuses","-40???~+85??? 0.8mm 1.8A 1.9mm 1A 270m?? 3.6mm 300ms 35A 50m?? 600mW 6V 1206 Resettable Fuses ROHS"
"F2/F3","1206 fuse 1A","C21261116","1206FA-1A","1206","expand","285","False","Disposable fuses","-55???~+150??? 0.1 0.6mm 1.6mm 1A 3.2mm 72V Surface Mount Fuse 1206 Disposable fuses ROHS"
"F2/F3","1206 PTC fuse","C3105","0466002.NRHF","1206","expand","90212","False","Disposable fuses","-55???~+90??? 0.2326 1.6mm 2A 3.2mm 50A 63V 63V Surface Mount Fuse 1206 Disposable fuses ROHS"
"F2/F3","1206 PTC fuse","C20797","SMD1206P005TF","1206","expand","71410","False","Resettable Fuses","-40???~+85??? 1.2mm 1.5s 1.6?? 1.9mm 10A 150mA 15?? 3.6mm 400mW 50mA 60V 1206 Resettable Fuses ROHS"
"F2/F3","1206 PTC fuse","C14165","0466003.NRHF","1206","expand","50717","False","Disposable fuses","-55???~+90??? 0.576 1.6mm 3.2mm 32V 32V 3A 50A Surface Mount Fuse 1206 Disposable fuses ROHS"
"F2/F3","1206 PTC fuse","C20798","SMD1206P025TF","1206","expand","13522","False","Resettable Fuses","-40???~+85??? 1.9mm 10A 16V 1mm 2.5?? 250mA 3.6mm 350m?? 500mA 600mW 80ms 1206 Resettable Fuses ROHS"
"F2/F3","1206 resettable fuse 1A","C20799","SMD1206P050TF","1206","expand","13784","False","Resettable Fuses","-40???~+85??? 0.8mm 1.9mm 100ms 150m?? 1A 3.6mm 35A 400mA 600mW 6V 700m?? 1206 Resettable Fuses ROHS"
"F2/F3","1206 resettable fuse 1A","C43379","SMD1206P050TF/13.2","1206","expand","9042","False","Resettable Fuses","-40???~+85??? 0.8mm 1.9mm 100ms 13.2V 150m?? 1A 3.6mm 35A 500mA 600mW 700m?? 1206 Resettable Fuses ROHS"
"F2/F3","1206 resettable fuse 1A","C66453","nSMD100","1206","expand","1936","False","Resettable Fuses","-40???~+85??? 1.8A 100A 1A 270m?? 300ms 55m?? 600mW 6V 1206 Resettable Fuses ROHS"
"F2/F3","1206 resettable fuse 1A","C20800","SMD1206P100TF","1206","expand","793","False","Resettable Fuses","-40???~+85??? 0.8mm 1.8A 1.9mm 1A 270m?? 3.6mm 300ms 35A 50m?? 600mW 6V 1206 Resettable Fuses ROHS"
"F2/F3","SMD1206P","C20797","SMD1206P005TF","1206","expand","71410","False","Resettable Fuses","-40???~+85??? 1.2mm 1.5s 1.6?? 1.9mm 10A 150mA 15?? 3.6mm 400mW 50mA 60V 1206 Resettable Fuses ROHS"
"F2/F3","SMD1206P","C20799","SMD1206P050TF","1206","expand","13784","False","Resettable Fuses","-40???~+85??? 0.8mm 1.9mm 100ms 150m?? 1A 3.6mm 35A 400mA 600mW 6V 700m?? 1206 Resettable Fuses ROHS"
"F2/F3","SMD1206P","C20798","SMD1206P025TF","1206","expand","13522","False","Resettable Fuses","-40???~+85??? 1.9mm 10A 16V 1mm 2.5?? 250mA 3.6mm 350m?? 500mA 600mW 80ms 1206 Resettable Fuses ROHS"
"F2/F3","SMD1206P","C20800","SMD1206P100TF","1206","expand","793","False","Resettable Fuses","-40???~+85??? 0.8mm 1.8A 1.9mm 1A 270m?? 3.6mm 300ms 35A 50m?? 600mW 6V 1206 Resettable Fuses ROHS"
"J1","TYPE-C 6P horizontal","C9900163797","Type-C","SMD-6P","expand","0","False","SMT","SMD-6P SMT ROHS"
"J1","TYPE-C 6P horizontal","C9900256273","TYPE-C","SMD-6P-P1.1","expand","0","False","SMT","SMD-6P-P1.1 SMT ROHS"
"J1","TYPE-C 6P horizontal","C9900014403","type-c","6P","expand","0","False","SMT","6P SMT ROHS"
"J1","TYPE-C 6P horizontal","C9900112732","type-C","SMD-6P","expand","0","False","New Arrivals","SMD-6P New Arrivals ROHS"
"J1","USB4125","C3151650","USB4125-GF-A","SMD","expand","1810","False","USB Connectors","-30???~+85??? 1 3A 48V 6P Black Female Surface Mount, Right Angle Type-C SMD USB Connectors ROHS"
"J1","USB4125","C5246813","USB4125-GF-A-0190","SMD","expand","263","False","USB Connectors","-30???~+85??? 1 20,000 cycles 3A 48V 6P Black Female Surface Mount, Right Angle Type-C SMD USB Connectors ROHS"
"J1","USB-C 6 pin receptacle","C9900111751","USB-C","SMD","expand","0","False","New Arrivals","SMD New Arrivals ROHS"
"J1","USB-C 6 pin receptacle","C9900191069","USB-C","SMD-16P","expand","0","False","SMT","SMD-16P SMT ROHS"
"J1","USB-C 6 pin receptacle","C9900024948","USB-C","TPPE_C_USBA","expand","0","False","SMT","TPPE_C_USBA SMT ROHS"
"J1","USB-C 6 pin receptacle","C9900001460","USB-C","USB-C","expand","0","False","SMT","SMD SMT ROHS"
"J4","BM05B-GHS-TBT","C189891","BM05B-GHS-TBT(LF)(SN)(N)","SMD,P=1.25mm","expand","9028","False","Wire To Board Connector","-25???~+85??? 1 1.25mm 1A 1x5P 4.05mm 4.32mm 5 50V 5P 9.5mm Auxiliary Solder Pin GH PA9T Phosphor bronze Surface Mount,Vertical Tin UL94V-0 White SMD,P=1.25mm Wire To Board Connector ROHS"
"J4","BM05B-GHS-TBT","C9900169632","BM05B-GHS-TBT","SMD,P=1.25mm","expand","0","False","SMT","SMD,P=1.25mm SMT ROHS"
"J4","JST GH 5P","C189896","SM05B-GHS-TB(LF)(SN)","SMD,P=1.25mm,Surface Mount???Right Angle","expand","47985","False","Wire To Board Connector","-25???~+85??? 1 1.25mm 1A 1x5P 4.13mm 4.25mm 5 50V 5P 9.5mm Auxiliary Solder Pin GH PA9T Phosphor bronze Surface Mount, Right Angle Tin UL94V-0 White SMD,P=1.25mm,?????? Wire To Board Connector ROHS"
"J4","JST GH 5P","C133062","BM08B-GHS-TBT(LF)(SN)","SMD,P=1.25mm","expand","32343","False","Wire To Board Connector","-25???~+85??? 1 1.25mm 13.25mm 1A 1x8P 4.05mm 4.32mm 50V 8 8P Auxiliary Solder Pin GH PA9T Phosphor bronze Surface Mount,Vertical Tin UL94V-0 White SMD,P=1.25mm Wire To Board Connector ROHS"
"J4","JST GH 5P","C189891","BM05B-GHS-TBT(LF)(SN)(N)","SMD,P=1.25mm","expand","9028","False","Wire To Board Connector","-25???~+85??? 1 1.25mm 1A 1x5P 4.05mm 4.32mm 5 50V 5P 9.5mm Auxiliary Solder Pin GH PA9T Phosphor bronze Surface Mount,Vertical Tin UL94V-0 White SMD,P=1.25mm Wire To Board Connector ROHS"
"J4","JST GH 5P","C133065","SM06B-GHS-TB(LF)(SN)","SMD,P=1.25mm,Surface Mount???Right Angle","expand","170","False","Wire To Board Connector","-25???~+85??? 1 1.25mm 10.75mm 1A 1x6P 4.13mm 4.25mm 50V 6 6P Auxiliary Solder Pin GH PA9T Phosphor bronze Surface Mount, Right Angle Tin UL94V-0 White SMD,P=1.25mm,?????? Wire To Board Connector ROHS"
"J4","SM05B-GHS-TB","C189896","SM05B-GHS-TB(LF)(SN)","SMD,P=1.25mm,Surface Mount???Right Angle","expand","47985","False","Wire To Board Connector","-25???~+85??? 1 1.25mm 1A 1x5P 4.13mm 4.25mm 5 50V 5P 9.5mm Auxiliary Solder Pin GH PA9T Phosphor bronze Surface Mount, Right Angle Tin UL94V-0 White SMD,P=1.25mm,?????? Wire To Board Connector ROHS"
"J4","SM05B-GHS-TB","C20089325","SM05B-GHS-TB","SMD,P=1.25mm,Surface Mount???Right Angle","expand","0","False","Wire To Board Connector","-25???~+85??? 1 1.25mm 1A 1x5P 4.13mm 4.25mm 5 50V 5P 9.5mm Auxiliary Solder Pin GH PA9T Phosphor bronze Surface Mount, Right Angle Tin UL94V-0 White SMD,P=1.25mm,Surface Mount???Right Angle Wire To Board Connector ROHS"
"J5/J6","2.54mm pin header 1x02 vertical","C50981","2.54-1*20PStraight pin","Plugin,P=2.54mm","expand","67605","False","Pin Headers","-40???~+105??? 1 1x20P 2.54mm 20P 3A Black Brass Pin Header Through Hole ??????,P=2.54mm Pin Headers ROHS"
"J5/J6","2.54mm pin header 1x02 vertical","C41417359","HX PZ2.54-1x2P TP-YQ","SMD,P=2.54mm(Staggered pins)","expand","8142","False","Pin Headers","-40???~+105??? 1 1kV 1x2P 2.54mm 2.5mm 2P 3A 6mm Black Brass Gold Pin Header Surface Mount,Vertical SMD,P=2.54mm(Staggered pins) Pin Headers ROHS"
"J5/J6","2.54mm pin header 1x02 vertical","C5378169","PZ2.54-2*10-SMT","SMD,P=2.54mm","expand","52","False","Pin Headers","-40???~+105??? 2 2.54mm 2.54mm 2.54mm 2.5A 20P 2x10P 6mm Brass Gold Pin Header Surface Mount,Vertical SMD,P=2.54mm Pin Headers ROHS"
"J5/J6","2.54mm pin header 1x02 vertical","C335179","2.54-2*14PPin 21MM","Plugin,P=2.54mm","expand","4","False","Pin Headers","2 2.54mm 2.54mm 28P 2x14P Black Pin Header Through Hole ??????,P=2.54mm Pin Headers ROHS"
"J5/J6","2.54mm pin header 1x04 vertical","C2337","2.54-1*40PStraight pin","Plugin,P=2.54mm","expand","64437","False","Pin Headers","-25???~+85??? 1 1x40P 2.54mm 2.5mm 3A 3mm 40P 6mm Black Brass Gold Pin Header Through Hole ??????,P=2.54mm Pin Headers ROHS"
"J5/J6","2.54mm pin header 1x04 vertical","C41417361","HX PZ2.54-1x4P TP-YQ","SMD,P=2.54mm(Staggered pins)","expand","13113","False","Pin Headers","-40???~+105??? 1 1kV 1x4P 2.54mm 2.5mm 3A 4P 6mm Black Brass Gold Pin Header Surface Mount,Vertical SMD,P=2.54mm(Staggered pins) Pin Headers ROHS"
"J5/J6","2.54mm pin header 1x04 vertical","C9742","2.54-1*40PCircular Pins","Plugin,P=2.54mm","expand","5654","False","Pin Headers","-55???~+105??? 1 1x40P 2.54mm 3.5mm 3.5mm 3A 3mm 40P Black Brass Gold Round Pin Through Hole ??????,P=2.54mm Pin Headers ROHS"
"J5/J6","2.54mm pin header 1x04 vertical","C44526","2.54-1*40PPin17MM","Plugin,P=2.54mm","expand","3857","False","Pin Headers","-40???~+105??? 1 11.5mm 1x40P 2.54mm 2.5mm 3A 3mm 40P Black Brass Gold Pin Header Through Hole ??????,P=2.54mm Pin Headers ROHS"
"J5/J6","2.54mm SMT pin header 4P","C66690","2.54-2*2PPin","Plugin,P=2.54mm","expand","40130","False","Pin Headers","-55???~+105??? 2 2.54mm 2.54mm 2.5mm 3A 3mm 4P 6mm Black Brass Gold Pin Header Through Hole ??????,P=2.54mm Pin Headers ROHS"
"J5/J6","2.54mm SMT pin header 4P","C91552","2.54-1*4P????????????","Push-Pull,P=2.54mm","expand","18935","False","Pin Headers","-55???~+105??? 1 1x4P 2.54mm 3A 4P 6mm Black Brass Gold Pin Header Right Angle ??????,P=2.54mm Pin Headers ROHS"
"J5/J6","2.54mm SMT pin header 4P","C5378171","PZ2.54-2*2-SMT","SMD,P=2.54mm","expand","1652","False","Pin Headers","-40???~+105??? 2 2.54mm 2.54mm 2.54mm 2.5A 2x2P 4P 6mm Brass Gold Pin Header Surface Mount,Vertical SMD,P=2.54mm Pin Headers ROHS"
"J5/J6","2.54mm SMT pin header 4P","C60561","2.54-2*2AWPin","Push-Pull,P=2.54mm","expand","607","False","Pin Headers","-55???~+105??? 2 2.54mm 2.54mm 2.54mm 2x2P 3A 4P 6mm Black Brass Pin Header Right Angle ??????,P=2.54mm Pin Headers ROHS"
"J7","2.5mm 3pin connector horizontal","C2316","XH-3A","Plugin,P=2.5mm","expand","346842","False","Wire To Board Connector","1 10mm 1x3P 2.5mm 3 3P 5.8mm 7mm Through Hole White XH ??????,P=2.5mm Wire To Board Connector ROHS"
"J7","2.5mm 3pin connector horizontal","C2318","XH-5A","Plugin,P=2.5mm","expand","189848","False","Wire To Board Connector","1 15mm 1x5P 2.5mm 5 5.8mm 5P 7mm Through Hole White XH ??????,P=2.5mm Wire To Board Connector ROHS"
"J7","2.5mm 3pin connector horizontal","C5663","XH-6A","Plugin,P=2.5mm","expand","64459","False","Wire To Board Connector","1 17.5mm 1x6P 2.5mm 5.8mm 6 6P 7mm Through Hole White XH ??????,P=2.5mm Wire To Board Connector ROHS"
"J7","2.5mm 3pin connector horizontal","C2932719","KH-CL1.0-H2.5-13PIN","SMD,P=1mm,Surface Mount???Right Angle","expand","49","False","FFC, FPC (Flat Flexible) Connector Assemblies","-25???~+85??? 0.3mm 13P 1mm 2.5mm Bottom Contact Slide Lock Surface Mount, Right Angle SMD,P=1mm,?????? FFC, FPC (Flat Flexible) Connector Assemblies ROHS"
"J7","B3B-XH-A","C51940188","XY-B3B-XH-A","Plugin,P=2.5mm","expand","7745","False","Wire To Board Connector","-25???~+85??? 1 1x3P 2.54mm 250V 2A 3 3P Brass PA66 Through Hole Tin UL94V-0 White ??????,P=2.5mm Wire To Board Connector ROHS"
"J7","B3B-XH-A","C5352966","B3B-XH-AM-E","Plugin,P=2.5mm","expand","0","False","Wire To Board Connector","-25???~+85??? 1 1x3P 2.5mm 250V 3 3A 3P 5.75mm 7mm 9.9mm Blue Brass K Pin???With post PA66 Through Hole Tin UL94V-0 XH ??????,P=2.5mm Wire To Board Connector ROHS"
"J7","B3B-XH-A","C45661048","B3B-XH-AM","Throughhole","expand","0","False","SMT","Throughhole SMT ROHS"
"J7","B3B-XH-A","C5448350","B3B-XH-AM-R","Plugin,P=2.5mm","expand","0","False","Wire To Board Connector","-25???~+85??? 1 1x3P 2.5mm 250V 3 3A 3P 5.75mm 7mm 9.9mm Brass K Pin???With post PA66 Red Through Hole Tin UL94V-0 XH ??????,P=2.5mm Wire To Board Connector ROHS"
"J7","JST XH 3P horizontal","C144394","B3B-XH-A(LF)(SN)","Plugin,P=2.5mm","expand","241085","False","Wire To Board Connector","-25???~+85??? 1 1x3P 2.5mm 250V 3 3A 3P 5.75mm 7mm 9.9mm Brass K Pin PA66 Through Hole Tin UL94V-0 White XH ??????,P=2.5mm Wire To Board Connector ROHS"
"J7","JST XH 3P horizontal","C161870","B3B-XH-AM(LF)(SN)","Plugin,P=2.5mm","expand","87064","False","Wire To Board Connector","-25???~+85??? 1 1x3P 2.5mm 250V 3 3A 3P 5.75mm 7mm 9.9mm Brass K Pin???With post PA66 Through Hole Tin UL94V-0 White XH ??????,P=2.5mm Wire To Board Connector ROHS"
"J7","JST XH 3P horizontal","C157928","S3B-XH-A(LF)(SN)","Push-Pull,P=2.5mm","expand","86998","False","Wire To Board Connector","-25???~+85??? 1 11.5mm 1x3P 2.5mm 250V 3 3A 3P 6.1mm 9.9mm Brass K Pin PA66 Right Angle Tin UL94V-0 White XH ??????,P=2.5mm Wire To Board Connector ROHS"
"J7","JST XH 3P horizontal","C158003","B3B-XH-2(LF)(SN)","Plugin,P=2.5mm","expand","13555","False","Wire To Board Connector","-25???~+85??? 1 1x3P 2.5mm 250V 3 3A 3P 6.75mm 7mm 9.9mm Brass Glass-Fiber Reinforced PA66 Through Hole Tin UL94V-0 White XH ??????,P=2.5mm Wire To Board Connector ROHS"
"J7","S3B-XH-A","C157928","S3B-XH-A(LF)(SN)","Push-Pull,P=2.5mm","expand","86998","False","Wire To Board Connector","-25???~+85??? 1 11.5mm 1x3P 2.5mm 250V 3 3A 3P 6.1mm 9.9mm Brass K Pin PA66 Right Angle Tin UL94V-0 White XH ??????,P=2.5mm Wire To Board Connector ROHS"
"J7","S3B-XH-A","C163036","S3B-XH-A-1(LF)(SN)","Push-Pull,P=2.5mm","expand","43577","False","Wire To Board Connector","-25???~+85??? 1 11.5mm 1x3P 2.5mm 250V 3 3A 3P 6.1mm 9.9mm Brass K Pin PA66 Right Angle Tin UL94V-0 White XH ??????,P=2.5mm Wire To Board Connector ROHS"
"J7","S3B-XH-A","C20089274","S3B-XH-A-E","Push-Pull,P=2.5mm","expand","0","False","Wire To Board Connector","-25???~+85??? 1 11.5mm 1x3P 2.5mm 250V 3 3A 3P 6.1mm 9.9mm Blue Brass K Pin PA66 Right Angle Tin UL94V-0 XH Push-Pull,P=2.5mm Wire To Board Connector ROHS"
"J7","S3B-XH-A","C20089273","S3B-XH-A-1","Push-Pull,P=2.5mm","expand","0","False","Wire To Board Connector","-25???~+85??? 1 11.5mm 1x3P 2.5mm 250V 3 3A 3P 6.1mm 9.9mm Brass K Pin PA66 Right Angle Tin UL94V-0 White XH Push-Pull,P=2.5mm Wire To Board Connector ROHS"
"J8/J40/J41/J42","1.25mm 3pin connector vertical","C43462","1.25T-2PVertical welding","SMD,P=1.25mm","expand","1836","False","Wire To Board Connector","-25???~+85??? 1 1.25mm 125V 1A 1x2P 2 2P 3.7mm 4.75mm Beige PicoBlade(MX 1.25) Surface Mount,Vertical SMD,P=1.25mm Wire To Board Connector ROHS"
"J8/J40/J41/J42","1.25mm 3pin connector vertical","C37886","1.25T-5PVertical welding","SMD,P=1.25mm","expand","1707","False","Wire To Board Connector","-25???~+85??? 1 1.25mm 125V 1A 1x5P 3.7mm 4.75mm 5 5P Beige PicoBlade(MX 1.25) Surface Mount,Vertical SMD,P=1.25mm Wire To Board Connector ROHS"
"J8/J40/J41/J42","1.25mm 3pin connector vertical","C47608","1.25T-4PVertical welding","SMD,P=1.25mm","expand","637","False","Wire To Board Connector","-25???~+85??? 1 1.25mm 13.65mm 1x4P 3.7mm 4 4P 500mA 50V Beige LCP Phosphor Bronze PicoBlade(MX 1.25) Surface Mount,Vertical Tin SMD,P=1.25mm Wire To Board Connector ROHS"
"J8/J40/J41/J42","1.25mm 3pin connector vertical","C43273","1.25T-6P Vertical welding","SMD,P=1.25mm","expand","551","False","Wire To Board Connector","-25???~+85??? 1 1.25mm 125V 1A 1x6P 3.7mm 4.75mm 6 6P Beige PicoBlade(MX 1.25) Surface Mount,Vertical SMD,P=1.25mm Wire To Board Connector ROHS"
"J8/J40/J41/J42","BM03B-GHS-TBT","C161691","BM03B-GHS-TBT(LF)(SN)","SMD,P=1.25mm","expand","3539","False","Wire To Board Connector","-25???~+85??? 1 1.25mm 1A 1x3P 3 3P 4.05mm 4.32mm 50V 7mm Auxiliary Solder Pin GH PA9T Phosphor bronze Surface Mount,Vertical Tin UL94V-0 White SMD,P=1.25mm Wire To Board Connector ROHS"
"J8/J40/J41/J42","BM03B-GHS-TBT","C2983873","BM03B-GHS-TBT(LF)(SN)(N)","SMD,P=1.25mm","expand","0","False","Wire To Board Connector","-25???~+85??? 1 1.25mm 1A 1x3P 3 3P 4.05mm 4.32mm 50V 7mm Auxiliary Solder Pin GH PA9T Phosphor bronze Surface Mount,Vertical Tin UL94V-0 White SMD,P=1.25mm Wire To Board Connector ROHS"
"J8/J40/J41/J42","JST GH 3P vertical","C52735","1.25T-3P Vertical welding","SMD,P=1.25mm","expand","2","False","Wire To Board Connector","-25???~+85??? 1 1.25mm 125V 1A 1x3P 3 3.7mm 3P 4.75mm Beige PicoBlade(MX 1.25) Surface Mount,Vertical SMD,P=1.25mm Wire To Board Connector ROHS"
"L3","1uH 4A inductor 5040","C3002538","CKST252010-1uH/M","1008","expand","2572","False","Power Inductors","1uH 4.2A 49m?? 4A Molded Inductor ??20% 1008 Power Inductors ROHS"
"L3","1uH 4A inductor 5040","C3002529","CKST201610-1uH/M","0806","expand","1772","False","Power Inductors","1uH 3.4A 49m?? 4A Molded Inductor ??20% 0806 Power Inductors ROHS"
"L3","1uH 4A inductor 5040","C108289","MHCD252012A-1R0M-A8S","SMD","expand","73","False","Power Inductors","1uH 3A 45m?? 4A ??20% SMD Power Inductors ROHS"
"L3","1uH 4A inductor 5040","C113091","LQH55DN1R0M03L","2220","expand","2","False","Power Inductors","1uH 26.6m?? 4A ??20% 2220 Power Inductors ROHS"
"L3","1uH 4A shielded inductor","C18336959","M10Shielded","1x1","expand","22","True","Proximity Sensor/Proximity Switch","1x1 Proximity Sensor/Proximity Switch ROHS"
"L3","1uH 4A shielded inductor","C18336960","M10Non-shielded","1x1","expand","0","True","Proximity Sensor/Proximity Switch","1x1 Proximity Sensor/Proximity Switch ROHS"
"L3","1uH 4A shielded inductor","C18336967","M30Shielded","1x1","expand","0","True","Proximity Sensor/Proximity Switch","1x1 Proximity Sensor/Proximity Switch ROHS"
"L3","1uH 4A shielded inductor","C18336965","M18Shielded","1x1","expand","0","True","Proximity Sensor/Proximity Switch","1x1 Proximity Sensor/Proximity Switch ROHS"
"L3","1uH power inductor 5x5","C135261","SMNR4020-1UH","SMD,4x4mm","expand","2258","False","Power Inductors","1uH 38m?? 4.78A 5.1A Magnetic Shielded Inductor ??20% SMD,4x4mm Power Inductors ROHS"
"L3","1uH power inductor 5x5","C354542","CKCS252010-1uH/N","1008","expand","1899","False","Power Inductors","1.65A 1.85A 108m?? 1uH Magnetic Shielded Inductor ??30% 1008 Power Inductors ROHS"
"L3","1uH power inductor 5x5","C354578","CKCS4018-1uH/N","SMD,4x4mm","expand","1400","False","Power Inductors","1uH 25m?? 2A 4.2A Magnetic Shielded Inductor ??30% SMD,4x4mm Power Inductors ROHS"
"L3","1uH power inductor 5x5","C354562","CKCS3015-1uH/N","SMD,3x3mm","expand","945","False","Power Inductors","1uH 2.32A 2.32A 39m?? Magnetic Shielded Inductor ??30% SMD,3x3mm Power Inductors ROHS"
"Q1","battery protection MOSFET","C9900256803","ICBatteryProtectionS-8211CAM-M5T1SSOT23_5ROHSSeiko","SOT-23-5","expand","0","False","SMT","SOT-23-5 SMT ROHS"
"Q1","battery protection MOSFET","C9900165266","5VESDprotectiondiodesSOD-323","SOD323","expand","0","False","SMT","SOD323 SMT ROHS"
"Q1","battery protection MOSFET","C19951258","5001111PROTECTIONCAP","-","expand","0","False","Switch Accessories / Caps","- Switch Accessories / Caps ROHS"
"Q1","battery protection MOSFET","C9900042842","33VQuadCommonAnodeTVSArrayforESDProtection,SC-74","SOT23-6","expand","0","False","New Arrivals","SOT23-6 New Arrivals ROHS"
"Q1","common drain MOSFET 12V","C236230","EFC4627R-TR","EFCP-4(1x1)","expand","310","False","MOSFETs","-55???~+150??? 1.3V 1.4W 12V 13.4nC@4.5V 2 N-Channel 29.5m??@4.5V 6A Common Drain N-Channel EFCP-4(1x1) MOSFETs ROHS"
"Q1","common drain MOSFET 12V","C605381","EFC2J013NUZTDG","WLCSP-6(1.5x2)","expand","82","False","MOSFETs","-40???~+150??? 1.8W 12V 17A 2 N-Channel 37nC@4.5V 5.8m??@4.5V Common Drain WLCSP-6(1.5x2) MOSFETs ROHS"
"Q1","common drain MOSFET 12V","C42401272","HAM6968N","TSSOP-8","expand","63","False","MOSFETs","-55???~+150??? 1.5W 10nC@4.5V 140pF 2 N-Channel 20V 21m??@4.5V 330pF 600pF 6A 700mV Common Drain N-Channel ??12V TSSOP-8 MOSFETs ROHS"
"Q1","common drain MOSFET 12V","C606011","EFC2J004NUZTDG","WLCSP-6","expand","37","False","MOSFETs","-55???~+150??? 1.5W 12V 14A 2 N-Channel 36nC@4.5V 400mV 7.1m??@4.5V Common Drain N-Channel ??8V WLCSP-6 MOSFETs ROHS"
"Q1","CSD83325L","C2860700","CSD83325L","PicoStar-6","expand","0","False","MOSFETs","-55???~+150??? 1.17nF 1.25V 10.9nC@4.5V 12V 144pF 2 N-Channel 2.3W 243pF 8A 9.9m??@4.5V Common Drain N-Channel PicoStar-6 MOSFETs ROHS"
"Q1","CSD83325L","C2859735","CSD83325LT","BGA-6","expand","0","False","MOSFETs","-55???~+150??? 1.17nF 1.25V 10.9nC@4.5V 12V 144pF 2 N-Channel 2.3W 243pF 8A 9.9m??@4.5V Common Drain N-Channel BGA-6 MOSFETs ROHS"
"Q1","dual N-channel common drain MOSFET","C357843","AO8814","TSSOP-8","expand","2626","False","MOSFETs","-55???~+150??? 1.39nF 1.5W 15.4nC@4.5V 150pF 16m??@10V 190pF 1V 2 N-Channel 20V 7.5A Common Drain N-Channel TSSOP-8 MOSFETs ROHS"
"Q1","dual N-channel common drain MOSFET","C351413","PT8810","SOT-23-6L","expand","2428","False","MOSFETs","1.15nF 145pF 15nC@0V 185pF 1V 2 N-Channel 20V 35m??@1.8V 7A Common Drain SOT-23-6L MOSFETs ROHS"
"Q1","dual N-channel common drain MOSFET","C236230","EFC4627R-TR","EFCP-4(1x1)","expand","310","False","MOSFETs","-55???~+150??? 1.3V 1.4W 12V 13.4nC@4.5V 2 N-Channel 29.5m??@4.5V 6A Common Drain N-Channel EFCP-4(1x1) MOSFETs ROHS"
"Q1","dual N-channel common drain MOSFET","C115839","AON5820","DFN-6-EP(4.5x2)","expand","65","False","MOSFETs","1.51nF 1.7W 10A 13m??@2.5V 15nC@4.5V 1V 2 N-Channel 2.5pF 20V 290pF Common Drain DFN-6-EP(4.5x2) MOSFETs ROHS"
"R4","0603 1% resistor","C177422","RCT0312K4FLF","0603","expand","1019","False","Chip Resistor - Surface Mount","-55???~+155??? 100mW 12.4k?? 75V Thick Film Resistor ??1% ??100ppm/??? 0603 Chip Resistor - Surface Mount ROHS"
"R4","0603 1% resistor","C177426","RCT033K01FLF","0603","expand","685","False","Chip Resistor - Surface Mount","-55???~+155??? 100mW 3.01k?? 75V Thick Film Resistor ??1% ??100ppm/??? 0603 Chip Resistor - Surface Mount ROHS"
"R4","0603 1% resistor","C177425","RCT033K6FLF","0603","expand","42","False","Chip Resistor - Surface Mount","100mW 3.6k?? 75V Thick Film Resistor ??1% ??100ppm/??? 0603 Chip Resistor - Surface Mount ROHS"
"R4","0603 1% resistor","C177424","RCT0312RFLF","0603","expand","3","False","Chip Resistor - Surface Mount","-55???~+155??? 100mW 12?? 75V Thick Film Resistor ??1% ??100ppm/??? 0603 Chip Resistor - Surface Mount ROHS"
"R4","0603 resistor 806R 1%","C23116","0603WAF8060T5E","0603","expand","4404","False","Chip Resistor - Surface Mount","-55???~+155??? 100mW 75V 806?? Thick Film Resistor ??1% ??100ppm/??? 0603 Chip Resistor - Surface Mount ROHS"
"R4","0603 resistor 806R 1%","C218154","ARG03FTC8060","0603","expand","1414","False","Chip Resistor - Surface Mount","-55???~+155??? 100mW 75V 806?? Thin Film Resistor ??1% ??25ppm/??? 0603 Chip Resistor - Surface Mount ROHS"
"R4","0603 resistor 806R 1%","C101197","CR0603FA8060G","0603","expand","40","False","Chip Resistor - Surface Mount","-55???~+125??? 100mW 50V 806?? Thick Film Resistor ??1% ??100ppm/??? 0603 Chip Resistor - Surface Mount ROHS"
"R4","0603 resistor 806R 1%","C170676","WR06X8060FTL","0603","expand","8","False","Chip Resistor - Surface Mount","-55???~+155??? 100mW 75V 806?? Thick Film Resistor ??1% ??100ppm/??? 0603 Chip Resistor - Surface Mount ROHS"
"R4","806R 0603","C23116","0603WAF8060T5E","0603","expand","4404","False","Chip Resistor - Surface Mount","-55???~+155??? 100mW 75V 806?? Thick Film Resistor ??1% ??100ppm/??? 0603 Chip Resistor - Surface Mount ROHS"
"R4","806R 0603","C218154","ARG03FTC8060","0603","expand","1414","False","Chip Resistor - Surface Mount","-55???~+155??? 100mW 75V 806?? Thin Film Resistor ??1% ??25ppm/??? 0603 Chip Resistor - Surface Mount ROHS"
"R4","806R 0603","C101197","CR0603FA8060G","0603","expand","40","False","Chip Resistor - Surface Mount","-55???~+125??? 100mW 50V 806?? Thick Film Resistor ??1% ??100ppm/??? 0603 Chip Resistor - Surface Mount ROHS"
"R4","806R 0603","C170676","WR06X8060FTL","0603","expand","8","False","Chip Resistor - Surface Mount","-55???~+155??? 100mW 75V 806?? Thick Film Resistor ??1% ??100ppm/??? 0603 Chip Resistor - Surface Mount ROHS"
"TH1","0603 thermistor 10k","C20138093","HCTHERMISTOR","-","expand","0","False","NTC Thermistors","- NTC Thermistors ROHS"
"TH1","0603 thermistor 10k","C9900040644","Thermistor","TH-2P","expand","0","False","New Arrivals","TH-2P New Arrivals ROHS"
"TH1","0603 thermistor 10k","C9900158373","100k??Thermistor","TH-2P-BD2.0-D0.3-P2.7","expand","0","False","New Arrivals","TH-2P-BD2.0-D0.3-P2.7 New Arrivals ROHS"
"TH1","0603 thermistor 10k","C9900023314","103ATThermistor","R0603","expand","0","False","SMT","R0603 SMT ROHS"
"TH1","10k NTC 0603 3950","C9900261449","NTC","0603","expand","0","False","SMT","0603 SMT ROHS"
"TH1","10k NTC 0603 3950","C9900274938","NTC","0603","expand","0","False","SMT","0402 SMT ROHS"
"TH1","10k NTC 0603 3950","C9900192103","NTC","0603","expand","0","False","SMT","0603 SMT ROHS"
"TH1","10k NTC 0603 3950","C9900255099","NTC","0603","expand","0","False","SMT","0603 SMT ROHS"
"TH1","NTC 10K 0603","C9900274938","NTC","0603","expand","0","False","SMT","0402 SMT ROHS"
"TH1","NTC 10K 0603","C9900261449","NTC","0603","expand","0","False","SMT","0603 SMT ROHS"
"TH1","NTC 10K 0603","C9900255099","NTC","0603","expand","0","False","SMT","0603 SMT ROHS"
"TH1","NTC 10K 0603","C9900192103","NTC","0603","expand","0","False","SMT","0603 SMT ROHS"
"U1","2-cell battery charger I2C","C9900172002","I2C","SOP-8-150mil","expand","0","False","SMT","SOP-8-150mil SMT ROHS"
"U1","2-cell battery charger I2C","C9900103670","SAID_I2C","QFN-16_L3.0-W3.0-P0.50-TL-EP1.7","expand","0","False","New Arrivals","QFN-16_L3.0-W3.0-P0.50-TL-EP1.7 New Arrivals ROHS"
"U1","2-cell battery charger I2C","C9900103672","SAID_I2C","QFN-16_L3.0-W3.0-P0.50-TL-EP1.7","expand","0","False","New Arrivals","QFN-16_L3.0-W3.0-P0.50-TL-EP1.7 New Arrivals ROHS"
"U1","2-cell battery charger I2C","C9900107265","I2C","XDFN-8-2X3","expand","0","False","New Arrivals","XDFN-8-2X3 New Arrivals ROHS"
"U1","BQ25887","C2761614","BQ25887RGER","QFN-24-EP(4x4)","expand","206","False","Battery Management","-40???~+85??? 14uA 2 2.2A 3.9V~6.2V 400mA I2C Support QFN-24-EP(4x4) Battery Management ROHS"
"U1","BQ25887","C2862617","BQ25887RGET","VQFN-24-EP(4x4)","expand","0","False","Battery Management","-40???~+85??? 2 VQFN-24-EP(4x4) Battery Management ROHS"
"U1","BQ25887RGE","C2761614","BQ25887RGER","QFN-24-EP(4x4)","expand","206","False","Battery Management","-40???~+85??? 14uA 2 2.2A 3.9V~6.2V 400mA I2C Support QFN-24-EP(4x4) Battery Management ROHS"
"U1","BQ25887RGE","C2862617","BQ25887RGET","VQFN-24-EP(4x4)","expand","0","False","Battery Management","-40???~+85??? 2 VQFN-24-EP(4x4) Battery Management ROHS"
"U3/U4","AP63200WU","C2071868","AP63200WU-7","TSOT-23-6","expand","5765","False","DC-DC Converters","-40???~+85??? 1 22uA 2A 3.8V~32V 500kHz Adjustable Buck Buck Built-in Yes TSOT-23-6 DC-DC Converters ROHS"
"U3/U4","AP63203WU","C780769","AP63203WU-7","TSOT-23-6","expand","16449","False","DC-DC Converters","-40???~+85???@(TA) 1 1.1MHz 22uA 2A 3.3V 3.8V~32V Buck Buck Built-in Fixed Yes TSOT-23-6 DC-DC Converters ROHS"
"U3/U4","AP63205WU","C2071056","AP63205WU-7","TSOT-23-6","expand","52193","False","DC-DC Converters","-40???~+85???@(TA) 1 1.1MHz 22uA 2A 3.8V~32V 5V Buck Buck Built-in Fixed Yes TSOT-23-6 DC-DC Converters ROHS"
"U3/U4","SOT23-6 buck 2A adjustable","C88474","SY8120B1ABC","SOT-23-6","expand","58061","False","DC-DC Converters","-40???~+85???@(TA) 1 2A 4.5V~18V 400uA 500kHz Adjustable Buck Buck Built-in Yes SOT-23-6 DC-DC Converters ROHS"
"U3/U4","SOT23-6 buck 2A adjustable","C49757","TPS562200DDCR","SOT-23-6","expand","2859","False","DC-DC Converters","-40???~+85???@(TA) 1 2A 330uA 4.5V~17V 650kHz 765mV~7V Adjustable Buck Buck Built-in Yes SOT-23-6 DC-DC Converters ROHS"
"U3/U4","SOT23-6 buck 2A adjustable","C79314","SY8009BABC","SOT-23-6","expand","1223","False","DC-DC Converters","-40???~+85??? 1 1MHz 2A 3V~5.5V 80uA Adjustable Buck Buck Built-in Yes SOT-23-6 DC-DC Converters ROHS"
"U3/U4","SOT23-6 buck 2A adjustable","C83336","SY8292ABC","SOT-23-6","expand","524","False","DC-DC Converters","-40???~+85???@(TA)???-40???~+125???@(TJ) 1 160uA 2A 5V~40V 800kHz Adjustable Buck Buck Built-in No SOT-23-6 DC-DC Converters ROHS"
"U5/U6","ADS1015IDGS","C193969","ADS1015IDGSR","VSSOP-10-0.5mm","expand","2053","False","Analog to Digital Converters (ADC)","-40???~+125??? 0.5LSB 12 128Hz???250Hz???490Hz???920Hz???1.6kHz???2.4kHz???3.3kHz 1MHz 2 2V~5.5V 2uA 3.3kHz 5ppm/??? 6.144V Built-in Built-in I2C Sigma-Delta Support Yes VSSOP-10-0.5mm Analog to Digital Converters (ADC) ROHS"
"U5/U6","ADS1015IDGS","C701606","ADS1015IDGST","VSSOP-10-0.5mm","expand","711","False","Analog to Digital Converters (ADC)","-40???~+125??? 0.5LSB 12 128Hz???250Hz???490Hz???920Hz???1.6kHz???2.4kHz???3.3kHz 1MHz 2 2V~5.5V 2uA 3.3kHz 5ppm/??? 6.144V Built-in Built-in I2C Sigma-Delta Support Yes VSSOP-10-0.5mm Analog to Digital Converters (ADC) ROHS"
"U5/U6","ADS1115 TSSOP-10","C2868291","ADS1115BQDGSRQ1","VSSOP-10-0.5mm","expand","2096","False","Analog to Digital Converters (ADC)","-40???~+125??? 16 1LSB 1MHz 2 2V~5.5V 500nA 5ppm/??? 6.144V 860Hz 8Hz???16Hz???32Hz???64Hz???128Hz???250Hz???475Hz???860Hz Built-in Built-in I2C Sigma-Delta Support Yes VSSOP-10-0.5mm Analog to Digital Converters (ADC) ROHS"
"U5/U6","ADS1115 TSSOP-10","C468683","ADS1115IDGST","VSSOP-10-0.5mm","expand","1136","False","Analog to Digital Converters (ADC)","-40???~+125??? 16 1LSB 1MHz 2V~5.5V 2uA 2???4 5ppm/??? 6.144V 860Hz 8Hz???16Hz???32Hz???64Hz???128Hz???250Hz???475Hz???860Hz Built-in Built-in I2C Sigma-Delta Support Yes VSSOP-10-0.5mm Analog to Digital Converters (ADC) ROHS"
"U5/U6","ADS1115 TSSOP-10","C9900280189","ADS1115IDGS","TSSOP-10","expand","0","False","SMT","TSSOP-10 SMT ROHS"
"U5/U6","ADS1115 TSSOP-10","C172375","ADS1115QDGSRQ1","VSSOP-10-0.5mm","expand","0","False","Analog to Digital Converters (ADC)","VSSOP-10-0.5mm Analog to Digital Converters (ADC) ROHS"
"U5/U6","ADS1115IDGS","C37593","ADS1115IDGSR","VSSOP-10","expand","7282","False","Analog to Digital Converters (ADC)","-40???~+125??? 16 1LSB 2 2.048V 2V~5.5V 500nA 860Hz 8Hz???16Hz???32Hz???64Hz???128Hz???250Hz???475Hz???860Hz Built-in Built-in I2C Sigma-Delta Support Yes VSSOP-10 Analog to Digital Converters (ADC) ROHS"
"U5/U6","ADS1115IDGS","C468683","ADS1115IDGST","VSSOP-10-0.5mm","expand","1136","False","Analog to Digital Converters (ADC)","-40???~+125??? 16 1LSB 1MHz 2V~5.5V 2uA 2???4 5ppm/??? 6.144V 860Hz 8Hz???16Hz???32Hz???64Hz???128Hz???250Hz???475Hz???860Hz Built-in Built-in I2C Sigma-Delta Support Yes VSSOP-10-0.5mm Analog to Digital Converters (ADC) ROHS"
"U5/U6","ADS1115IDGS","C9900280189","ADS1115IDGS","TSSOP-10","expand","0","False","SMT","TSSOP-10 SMT ROHS"
"U5/U6","ADS1115IDGSR","C37593","ADS1115IDGSR","VSSOP-10","expand","7282","False","Analog to Digital Converters (ADC)","-40???~+125??? 16 1LSB 2 2.048V 2V~5.5V 500nA 860Hz 8Hz???16Hz???32Hz???64Hz???128Hz???250Hz???475Hz???860Hz Built-in Built-in I2C Sigma-Delta Support Yes VSSOP-10 Analog to Digital Converters (ADC) ROHS"
"U5/U6","ADS1115IDGSR","C20606814","CM1103-SOPTA","MSOP-10","expand","5956","False","Analog to Digital Converters (ADC)","-40???~+125??? 16 1LSB 2.5V~5V 256mV???512mV???1.024V???2.048V???4.096V???6.144V 2kHz 2uA 4 500kHz 6.25Hz???12.5Hz???25Hz???50Hz???100Hz???400Hz???1kHz???2kHz Built-in Built-in I2C Sigma-Delta Support Yes MSOP-10 Analog to Digital Converters (ADC) ROHS"
